"Cohort","City","Grade Type","Fellow ID Number","There is a person(s) at Teach For India that shares timely feedback with me on my classroom's progress","My PM consistently shares helpful and timely feedback on my development as a teacher and leader with me","My PM helps me identify opportunities within and beyond TFI that will aid my development as a leader","My PM is an effective mentor to me","City wide events like the City Conferences, Learning Communities, and workshops aid my development by exposing me to the larger Movement for educational equity","I have access to helpful and timely support, resources and networks via Teach For India to find a suitable post-Fellowship opportunity","There is a sufficient ecosystem for consistent and timely support in my city that I can access for challenges I face while working with the community in which my placement school is located","There is a sufficient ecosystem for consistent and timely support in my city that I can access for the challenges I face while working in my placement school","I find the Career options available to me post Fellowship exciting","I am growing the capabilities I need (e.g., knowledge, skills, mindsets, values, perspectives, relationships) to play a valuable role in the movement to ensure that all children in this nation have the opportunity to attain an excellent education.","Teach For India has a role to play in ensuring that all children in India attain an excellent education","I believe it is possible for all children in India to attain an excellent education","I feel comfortable in approaching Senior Management with any concerns, questions or ideas that I have","I am aware of city level and Org level happenings at Teach For India","There is a person(s) I am close to and can draw support from at Teach For India","I have seen evidence that at Teach For India, everyone works collectively, committing to do what it takes, to provide a quality education to students","I feel my work, when worthy, is aptly recognised and praised at Teach For India","I believe that my colleagues and staff at Teach For India conduct themselves with appropriate levels of professionalism","In my experience, my views are taken into account and acted upon at Teach for India","I believe there exist apt channels and platforms at Teach for India for me to share feedback/concerns","I feel safe working in my placement school","I feel safe in the community in which in my placement school is located","I feel part of a larger movement that is working to ensure that all children in India attain an excellent education","I believe I have a role to play in ensuring all children attain an excellent education","I have a growing understanding of why all children in India today do not attain an excellent education","I find purpose and meaning in the work I do","I believe that I am effectively contributing to ensuring that all children have the opportunity to attain an excellent education"
2017,"Delhi","Secondary",1001004,"Disagree","Disagree","Strongly Disagree","Agree","Strongly Agree","Strongly Disagree","Agree","Agree","Strongly Disagree","Agree","Agree","Agree","Strongly Disagree","Disagree","Strongly Agree","Disagree","Agree","Strongly Disagree","Agree","Strongly Disagree","Strongly Agree","Agree","Agree","Agree","Agree","Agree","Disagree"
2018,"Delhi","Elementary",1001006,"Agree","Agree","Agree","Agree","Disagree","na","Agree","Disagree","na","Agree","Agree","Agree","na","Agree","Disagree","Disagree","Agree","Disagree","Disagree","Agree","Agree","Agree","Agree","Agree","Agree","Agree","Agree"
2018,"Delhi","Secondary",1001009,"Agree","Strongly Agree","Strongly Agree","Strongly Agree","Disagree","na","Agree","Agree","na","Agree","Disagree","Strongly Agree","na","Agree","Agree","Agree","Agree","Agree","Agree","Agree","Agree","Agree","Agree","Agree","Agree","Agree","Strongly Disagree"
2017,"Delhi","Secondary",1001011,"Agree","Agree","Agree","Agree","Agree","Agree","Agree","Agree","na","Agree","Agree","Disagree","na","Agree","Strongly Agree","Strongly Agree","Agree","Agree","Agree","Agree","Agree","Agree","Agree","Agree","Agree","Strongly Agree","Agree"
2017,"Delhi","Secondary",1001019,"Agree","Agree","Agree","Agree","na","Agree","Agree","Agree","Agree","Agree","Agree","Agree","Agree","Agree","Agree","Agree","Disagree","Agree","Agree","Disagree","Agree","Agree","Agree","Agree","Agree","Strongly Agree","Agree"
2017,"Delhi","Secondary",1001021,"Agree","Agree","Disagree","Disagree","Strongly Disagree","Disagree","Strongly Disagree","Strongly Disagree","Disagree","Disagree","Disagree","Strongly Agree","na","Agree","Strongly Agree","Strongly Disagree","Agree","Agree","Strongly Disagree","Strongly Disagree","Strongly Agree","Disagree","Strongly Disagree","Agree","Agree","Strongly Agree","Agree"
2018,"Delhi","Elementary",1001029,"Agree","Agree","Disagree","Disagree","Disagree","na","Agree","Agree","Disagree","Disagree","Disagree","Strongly Agree","na","Agree","Agree","Agree","Disagree","Disagree","Disagree","Agree","Agree","Agree","Disagree","Disagree","Disagree","Disagree","Disagree"
2018,"Delhi","Secondary",1001034,"Agree","Strongly Agree","Agree","Strongly Agree","Agree","Agree","Agree","Agree","na","Agree","Agree","Agree","na","Disagree","Agree","Agree","Agree","Agree","Agree","Agree","Agree","Agree","Agree","Agree","Agree","Agree","Agree"
2017,"Delhi","Secondary",1001037,"Strongly Agree","Agree","Agree","Agree","Disagree","Agree","Agree","Disagree","Agree","Strongly Agree","Agree","Strongly Agree","Agree","Agree","Agree","Agree","Disagree","Disagree","Agree","Agree","Agree","Agree","Agree","Agree","Agree","Agree","Disagree"
2018,"Delhi","Secondary",1001041,"Agree","Strongly Agree","Strongly Disagree","Agree","Strongly Disagree","Agree","Agree","Agree","Strongly Disagree","Agree","Strongly Disagree","Strongly Disagree","Strongly Disagree","Strongly Disagree","Agree","Agree","Agree","Disagree","Strongly Disagree","Strongly Disagree","Agree","Strongly Disagree","Strongly Disagree","Disagree","Strongly Disagree","Agree","Strongly Agree"
2018,"Delhi","Secondary",1001046,"Agree","Agree","Strongly Agree","Strongly Agree","Agree","Agree","Agree","Agree","na","Agree","Agree","Agree","Agree","Agree","Agree","Agree","Agree","Agree","Agree","Agree","Agree","Agree","Agree","Agree","Agree","Agree","Agree"
2018,"Delhi","Secondary",1001050,"Agree","Strongly Agree","Strongly Agree","Strongly Agree","Agree","Agree","Strongly Agree","Agree","na","Agree","Agree","Agree","Agree","Agree","Agree","Agree","Agree","Agree","Agree","Agree","Agree","Agree","Agree","Agree","Agree","Agree","Agree"
2018,"Delhi","Secondary",1001053,"Disagree","Agree","Agree","Agree","Agree","Agree","Disagree","Disagree","na","Agree","Agree","Agree","na","Agree","Disagree","Agree","Disagree","Agree","Agree","Agree","Disagree","Disagree","Agree","Agree","Agree","Agree","Agree"
2018,"Delhi","Secondary",1001059,"Disagree","Strongly Disagree","Disagree","Strongly Disagree","Disagree","na","Agree","Disagree","na","Agree","Strongly Agree","Strongly Agree","na","Disagree","Strongly Agree","Agree","Agree","Disagree","Disagree","Agree","Strongly Agree","Agree","Strongly Agree","Strongly Agree","Strongly Agree","Strongly Agree","Agree"
2017,"Delhi","Secondary",1001065,"Agree","Agree","Agree","Agree","Disagree","Disagree","Agree","Agree","Disagree","Agree","Agree","Agree","na","Agree","Disagree","Disagree","Agree","Agree","Disagree","Disagree","Agree","Agree","Agree","Agree","Agree","Agree","Agree"
2017,"Delhi","Secondary",1001066,"Agree","Agree","Agree","Agree","Disagree","Disagree","Disagree","Disagree","Agree","Agree","Agree","Agree","Disagree","Disagree","Disagree","Disagree","Disagree","Disagree","Disagree","Disagree","Disagree","Agree","Disagree","Agree","Agree","Agree","Disagree"
2018,"Delhi","Elementary",1001068,"Agree","Agree","Agree","Agree","Agree","na","Agree","Agree","na","Agree","Strongly Agree","Agree","Agree","Agree","Agree","Agree","Disagree","Agree","Agree","Agree","Agree","Agree","Strongly Agree","Strongly Agree","Strongly Agree","Strongly Agree","Strongly Agree"
2017,"Delhi","Secondary",1001070,"Strongly Agree","Agree","Agree","Agree","Disagree","Agree","Agree","Disagree","Agree","Agree","Agree","Agree","Disagree","Agree","Strongly Agree","Disagree","Disagree","Agree","Agree","Agree","Strongly Agree","Agree","Agree","Strongly Agree","Strongly Agree","Strongly Agree","Agree"
2017,"Delhi","Secondary",1001071,"Agree","Agree","Agree","Agree","Agree","Agree","Agree","Agree","Agree","Agree","Agree","Agree","Strongly Agree","Agree","Agree","Agree","Agree","Agree","Agree","Agree","Agree","Agree","Agree","Agree","Agree","Strongly Agree","Agree"
2018,"Delhi","Elementary",1001072,"Agree","Strongly Disagree","Disagree","Agree","Agree","Agree","Agree","Agree","Agree","Strongly Agree","Agree","Agree","Agree","Agree","Agree","Disagree","Agree","Agree","Disagree","Agree","Agree","Disagree","Agree","Strongly Agree","Strongly Agree","Agree","Disagree"
2017,"Delhi","Secondary",1001074,"Agree","Agree","Strongly Agree","Agree","Agree","Disagree","Agree","Agree","Disagree","Agree","Agree","Strongly Agree","Agree","Agree","Strongly Agree","Strongly Agree","Strongly Agree","Agree","Strongly Agree","Agree","Strongly Agree","Agree","Strongly Agree","Strongly Agree","Strongly Agree","Strongly Agree","Strongly Agree"
2018,"Delhi","Secondary",1001075,"Agree","Agree","Agree","Agree","Agree","Agree","Agree","Agree","Disagree","Agree","Disagree","Disagree","na","Agree","Agree","Agree","Agree","Agree","Disagree","Agree","Agree","Agree","Agree","Agree","Agree","Disagree","Agree"
2017,"Delhi","Secondary",1001076,"Strongly Disagree","Disagree","Disagree","Strongly Disagree","Disagree","Agree","Disagree","Disagree","Disagree","Agree","Strongly Agree","Agree","Disagree","Disagree","Disagree","Disagree","Strongly Disagree","Strongly Disagree","Agree","Strongly Disagree","Strongly Disagree","Strongly Disagree","Agree","Agree","Agree","Agree","Agree"
2018,"Delhi","Secondary",1001077,"Disagree","Disagree","Disagree","Disagree","Agree","Agree","Disagree","Agree","Disagree","Agree","Agree","Agree","na","Disagree","Agree","Disagree","Disagree","Agree","Disagree","Disagree","Agree","Agree","Agree","Agree","Strongly Agree","Disagree","Disagree"
2017,"Delhi","Secondary",1001079,"Agree","Agree","Agree","Agree","Agree","Agree","Agree","Agree","Agree","Agree","Disagree","Disagree","Disagree","Agree","Disagree","Agree","Disagree","Agree","Disagree","Agree","Agree","Disagree","Agree","Agree","Agree","Agree","Agree"
2018,"Delhi","Secondary",1001080,"Strongly Agree","Strongly Agree","Strongly Agree","Strongly Agree","Agree","Agree","Agree","Agree","Agree","Agree","Agree","Strongly Agree","na","Disagree","Strongly Agree","Agree","Agree","Agree","Agree","Disagree","Agree","Agree","Agree","Agree","Agree","Strongly Agree","Agree"
2017,"Delhi","Secondary",1001082,"Strongly Agree","Strongly Agree","Strongly Agree","Strongly Agree","Agree","Agree","Agree","Agree","Disagree","Agree","Strongly Agree","Strongly Agree","na","Agree","Strongly Agree","Strongly Agree","Agree","Agree","Agree","Agree","Agree","Agree","Strongly Agree","Strongly Agree","Strongly Agree","Strongly Agree","Strongly Agree"
2017,"Delhi","Secondary",1001083,"Agree","Agree","Agree","Agree","Agree","Agree","Agree","Agree","Agree","Strongly Agree","Agree","Agree","na","Agree","Strongly Agree","Agree","Agree","Agree","Agree","Agree","Agree","Disagree","Agree","Strongly Agree","Agree","Strongly Agree","Strongly Agree"
2018,"Delhi","Secondary",1001101,"Agree","Agree","Agree","Agree","Disagree","na","Agree","Agree","na","Agree","Agree","Agree","na","Agree","Agree","Agree","Agree","Agree","Disagree","Agree","Agree","Agree","Agree","Agree","Agree","Agree","Agree"
2017,"Delhi","Secondary",1001105,"Agree","Agree","Agree","Agree","Disagree","Agree","Agree","Disagree","Disagree","Agree","Agree","Agree","Disagree","Disagree","Agree","Strongly Agree","Disagree","Agree","Agree","Disagree","Agree","Disagree","Agree","Agree","Agree","Strongly Agree","Agree"
2017,"Delhi","Secondary",1001106,"Strongly Agree","Strongly Agree","Agree","Agree","Disagree","Agree","Agree","Disagree","na","Agree","Agree","Agree","na","Agree","Agree","Strongly Agree","Agree","Agree","Agree","Disagree","Strongly Agree","Agree","Agree","Agree","Strongly Agree","Strongly Agree","Agree"
2017,"Delhi","Secondary",1001107,"Agree","Agree","Agree","Agree","Agree","Strongly Agree","Disagree","Agree","Agree","Agree","Agree","Strongly Agree","na","Agree","Agree","Agree","Agree","Agree","Agree","Agree","Disagree","Agree","Agree","Agree","Agree","Agree","Agree"
2017,"Delhi","Secondary",1001108,"Agree","Agree","Agree","Agree","Agree","Agree","Agree","Disagree","Disagree","Agree","Agree","Agree","na","Agree","Agree","Agree","Agree","Agree","Agree","Agree","Agree","Agree","Agree","Agree","Agree","Agree","Agree"
2017,"Delhi","Secondary",1001109,"Strongly Agree","Agree","Agree","Agree","Agree","Agree","Agree","Agree","Strongly Agree","Strongly Agree","Strongly Agree","Strongly Agree","na","Agree","Strongly Agree","Strongly Agree","Agree","Agree","Agree","Agree","Strongly Agree","Strongly Agree","Strongly Agree","Strongly Agree","Strongly Agree","Strongly Agree","Strongly Agree"
2018,"Delhi","Elementary",1001110,"Agree","Strongly Agree","Agree","Strongly Agree","Agree","Disagree","Disagree","Disagree","Agree","Agree","Agree","Agree","na","Disagree","Agree","Agree","Agree","Agree","Agree","Agree","Agree","Disagree","Agree","Agree","Agree","Strongly Agree","Agree"
2017,"Delhi","Secondary",1001116,"Agree","Agree","Agree","Agree","Agree","Agree","Agree","Strongly Agree","Agree","Strongly Agree","Agree","Strongly Agree","Agree","Agree","Agree","Agree","Agree","Agree","Agree","Disagree","Agree","Agree","Agree","Agree","Strongly Agree","Strongly Agree","Agree"
2017,"Delhi","Secondary",1001123,"Agree","Strongly Agree","Strongly Agree","Strongly Agree","Strongly Agree","Agree","Agree","Agree","Strongly Agree","Agree","Agree","Agree","Agree","Agree","Agree","Agree","Agree","Agree","Agree","Agree","Agree","Strongly Agree","Strongly Agree","Agree","Agree","Strongly Agree","Agree"
2017,"Delhi","Secondary",1001127,"Agree","Agree","Agree","Agree","Agree","Agree","Agree","Agree","Agree","Agree","Agree","Agree","Agree","Agree","Agree","Agree","Agree","Agree","Agree","Agree","Agree","Agree","Agree","Agree","Agree","Agree","Agree"
2017,"Delhi","Secondary",1001128,"Disagree","Agree","Agree","Agree","Disagree","Agree","Disagree","Disagree","Disagree","Agree","Disagree","Agree","na","Disagree","Agree","Disagree","Agree","Disagree","Disagree","Disagree","Disagree","Disagree","Disagree","Agree","Agree","Agree","Disagree"
2018,"Delhi","Secondary",1001136,"Strongly Agree","Agree","Agree","Agree","Strongly Agree","Agree","Agree","Agree","Agree","Strongly Agree","Strongly Agree","Strongly Agree","Agree","Agree","Agree","Agree","Agree","Agree","Agree","Agree","Agree","Agree","Agree","Agree","Agree","Agree","Agree"
2017,"Delhi","Secondary",1001138,"Strongly Disagree","Strongly Disagree","Strongly Disagree","Disagree","Disagree","Strongly Disagree","Strongly Disagree","Strongly Disagree","Agree","Agree","Agree","Agree","Strongly Disagree","Agree","Agree","Strongly Disagree","Agree","Agree","Agree","Disagree","Disagree","Disagree","Strongly Disagree","Disagree","Agree","Agree","Disagree"
2017,"Delhi","Secondary",1001140,"Agree","Agree","Agree","Agree","Agree","Agree","Agree","Agree","Disagree","Agree","Agree","Agree","Agree","Agree","Agree","Agree","Agree","Agree","Agree","Agree","Agree","Agree","Agree","Agree","Agree","Agree","Agree"
2018,"Delhi","Secondary",1001142,"Agree","Strongly Agree","Strongly Agree","Strongly Agree","Agree","na","Disagree","Disagree","Agree","Agree","Agree","Strongly Agree","Agree","Agree","Agree","Agree","Strongly Agree","Disagree","Agree","Disagree","Agree","Disagree","Agree","Agree","Agree","Strongly Agree","Agree"
2018,"Delhi","Elementary",1001143,"Agree","Agree","Agree","Agree","Agree","Agree","Agree","Agree","Agree","Agree","Agree","Agree","Agree","Agree","Agree","Agree","Agree","Agree","Agree","Agree","Agree","Agree","Agree","Agree","Agree","Agree","Agree"
2017,"Delhi","Secondary",1001144,"Strongly Agree","Strongly Agree","Strongly Agree","Strongly Agree","Strongly Agree","Agree","Agree","Agree","Agree","Strongly Agree","Strongly Agree","Strongly Agree","Strongly Agree","Strongly Agree","Strongly Agree","Agree","Strongly Agree","Agree","Agree","Agree","Strongly Agree","Strongly Agree","Strongly Agree","Strongly Agree","Strongly Agree","Strongly Agree","Strongly Agree"
2017,"Delhi","Secondary",1001146,"Disagree","Disagree","Disagree","Disagree","Agree","Agree","Disagree","Agree","Agree","Agree","Agree","Agree","na","Agree","Agree","Agree","Agree","Disagree","Agree","Agree","Agree","Agree","Agree","Agree","Agree","Agree","Agree"
2017,"Delhi","Secondary",1001147,"Agree","Strongly Agree","Agree","Agree","Disagree","Disagree","Agree","Disagree","na","Agree","Agree","Disagree","na","Agree","Agree","Agree","Agree","Agree","Agree","Agree","Agree","Disagree","Agree","Agree","Agree","Agree","Agree"
2017,"Delhi","Secondary",1001149,"Strongly Agree","Strongly Agree","Strongly Agree","Strongly Agree","Strongly Agree","Agree","Strongly Agree","Agree","Disagree","Agree","Agree","Strongly Agree","Agree","Strongly Agree","Agree","Agree","Agree","Agree","Agree","Disagree","Strongly Agree","Agree","Strongly Agree","Strongly Agree","Strongly Agree","Strongly Agree","Agree"
2017,"Delhi","Secondary",1001157,"Strongly Agree","Strongly Agree","Strongly Agree","Strongly Agree","Strongly Disagree","Agree","Agree","Agree","Disagree","Strongly Agree","Agree","Strongly Agree","Agree","Agree","Disagree","Disagree","Disagree","Agree","Disagree","Disagree","Disagree","Disagree","Strongly Agree","Strongly Agree","Strongly Agree","Strongly Agree","Agree"
2018,"Delhi","Secondary",1001160,"Agree","Strongly Agree","Agree","Agree","Agree","na","Disagree","Disagree","na","Agree","Agree","Strongly Agree","na","Disagree","Agree","Agree","Agree","Agree","Agree","Agree","Agree","Agree","Agree","Agree","Agree","Agree","Agree"
2018,"Delhi","Secondary",1001166,"Strongly Disagree","Strongly Disagree","Strongly Disagree","Strongly Disagree","Strongly Disagree","Agree","Disagree","Disagree","Strongly Disagree","Disagree","Agree","Agree","Disagree","Disagree","Strongly Disagree","Strongly Disagree","Disagree","Disagree","Disagree","Agree","Agree","Agree","Agree","Strongly Agree","Strongly Agree","Strongly Agree","Agree"
2017,"Delhi","Secondary",1001169,"Agree","Agree","Agree","Strongly Agree","Strongly Disagree","Agree","Disagree","Disagree","Disagree","Disagree","Strongly Disagree","Agree","Disagree","Agree","Agree","Strongly Disagree","Agree","Strongly Disagree","Disagree","Disagree","Disagree","Agree","Disagree","Agree","Agree","Disagree","Agree"
2018,"Delhi","Secondary",1001172,"Agree","Agree","Agree","Agree","Agree","na","Agree","Agree","na","Agree","Agree","Agree","na","Agree","Agree","Agree","Agree","Agree","Agree","Agree","Agree","Agree","Agree","Agree","Agree","Agree","Agree"
2017,"Delhi","Secondary",1001177,"Disagree","Disagree","Disagree","Disagree","Agree","Agree","Agree","Agree","Agree","Agree","Agree","Disagree","Agree","Agree","Agree","Agree","Agree","Disagree","Agree","Agree","Agree","Agree","Agree","Agree","Agree","Agree","Agree"
2018,"Delhi","Elementary",1001181,"Agree","Agree","Strongly Disagree","Strongly Disagree","Agree","na","Disagree","Agree","na","Agree","Agree","Agree","na","Disagree","Strongly Agree","Strongly Agree","Agree","Disagree","Disagree","Agree","Agree","Agree","Agree","Agree","Strongly Agree","Agree","Disagree"
2017,"Delhi","Secondary",1001183,"Agree","Disagree","Agree","Disagree","Agree","Agree","Agree","Disagree","Agree","Agree","Agree","Strongly Agree","Agree","Agree","Agree","Agree","Agree","Disagree","Disagree","Agree","Agree","Agree","Agree","Strongly Agree","Agree","Agree","Agree"
2018,"Delhi","Elementary",1001186,"Agree","Agree","Agree","Disagree","Disagree","na","Agree","Disagree","na","Strongly Agree","Agree","Strongly Agree","Agree","Disagree","Agree","Strongly Disagree","Agree","Agree","Agree","Agree","Strongly Agree","Strongly Agree","Agree","Strongly Agree","Strongly Agree","Strongly Agree","Agree"
2017,"Delhi","Secondary",1001187,"Strongly Agree","Strongly Agree","Strongly Agree","Strongly Agree","Agree","Strongly Agree","Agree","Agree","Agree","Agree","Agree","Strongly Agree","na","Agree","Agree","Agree","Agree","Agree","Agree","Agree","Agree","Agree","Agree","Agree","Strongly Agree","Agree","Agree"
2018,"Delhi","Secondary",1001188,"Strongly Agree","Strongly Agree","Agree","Strongly Agree","Strongly Agree","Agree","Agree","Agree","Agree","Strongly Agree","Strongly Agree","Strongly Agree","na","Agree","Strongly Agree","Strongly Agree","Strongly Agree","Agree","Agree","Agree","Agree","Agree","Strongly Agree","Strongly Agree","Agree","Strongly Agree","Strongly Agree"
2018,"Delhi","Secondary",1001195,"Strongly Agree","Agree","Strongly Agree","Strongly Agree","Disagree","Agree","Agree","Agree","Strongly Agree","Agree","Agree","Strongly Disagree","Agree","Disagree","Agree","Agree","Agree","Agree","Disagree","Agree","Strongly Agree","Agree","Disagree","Disagree","Agree","Agree","Disagree"
2017,"Delhi","Secondary",1001207,"Agree","Agree","Agree","Agree","Agree","Agree","Agree","Agree","Disagree","Agree","Agree","Agree","Agree","Agree","Agree","Agree","Agree","Agree","Agree","Agree","Agree","Agree","Agree","Agree","Agree","Agree","Agree"
2018,"Delhi","Secondary",1001209,"Disagree","Disagree","Strongly Disagree","Disagree","Strongly Agree","na","Agree","Agree","Agree","Strongly Agree","Agree","Agree","Agree","Agree","Disagree","Disagree","Disagree","Disagree","Disagree","Disagree","Agree","Agree","Agree","Agree","Strongly Agree","Strongly Agree","Agree"
2018,"Delhi","Secondary",1001213,"Agree","Agree","Agree","Agree","Agree","Agree","Agree","Agree","Agree","Agree","Strongly Agree","Strongly Agree","Agree","Agree","Strongly Agree","Agree","Agree","Agree","Agree","Agree","Agree","Agree","Strongly Agree","Strongly Agree","Strongly Agree","Strongly Agree","Strongly Agree"
2018,"Delhi","Elementary",1001219,"Disagree","Strongly Disagree","Strongly Disagree","Strongly Disagree","na","Disagree","Disagree","Disagree","Agree","Agree","Agree","Agree","na","Disagree","Disagree","Disagree","Disagree","Agree","Disagree","Disagree","Agree","Disagree","Agree","Agree","Agree","Agree","Agree"
2018,"Delhi","Secondary",1001221,"Disagree","Agree","Agree","Strongly Agree","Disagree","Agree","Strongly Disagree","Strongly Disagree","Agree","Agree","Strongly Agree","Agree","na","Agree","Strongly Agree","Agree","Agree","Agree","Disagree","Agree","Strongly Disagree","Strongly Disagree","Agree","Agree","Agree","Agree","Agree"
2018,"Delhi","Elementary",1001222,"Agree","Agree","Agree","Agree","Disagree","na","Agree","Agree","na","Agree","Agree","Agree","Agree","Agree","Strongly Agree","Agree","Agree","Agree","Agree","Agree","Agree","Agree","Agree","Agree","Agree","Strongly Agree","Strongly Agree"
2018,"Delhi","Secondary",1001226,"Strongly Disagree","Disagree","Strongly Agree","Agree","Disagree","Agree","Strongly Disagree","Disagree","Agree","Disagree","Agree","Disagree","na","Strongly Disagree","Disagree","Disagree","Agree","Disagree","Disagree","Disagree","Disagree","Agree","Agree","Disagree","Agree","Agree","Disagree"
2017,"Delhi","Elementary",1001227,"Agree","Agree","Strongly Agree","Agree","Agree","Strongly Agree","Strongly Agree","Disagree","Disagree","Agree","Strongly Agree","Agree","Agree","Agree","Disagree","Agree","Agree","Agree","Agree","Agree","Strongly Agree","Agree","Agree","Strongly Agree","Strongly Agree","Strongly Agree","Agree"
2018,"Delhi","Secondary",1001242,"Disagree","Disagree","Disagree","Disagree","Agree","Disagree","Agree","Agree","na","Agree","Agree","Disagree","na","Agree","Agree","Agree","Disagree","Disagree","Agree","Disagree","Agree","Agree","Agree","Agree","Agree","Agree","Agree"
2018,"Delhi","Secondary",1001244,"Agree","Agree","Agree","Agree","Agree","Agree","Agree","Agree","Agree","Agree","Agree","Agree","na","Agree","Agree","Agree","Agree","Agree","Disagree","Agree","Agree","Agree","Agree","Agree","Agree","Agree","Agree"
2018,"Delhi","Elementary",1001245,"Agree","Agree","Agree","Agree","Agree","Disagree","Disagree","Agree","na","Agree","Agree","Agree","Agree","Agree","Agree","Agree","Agree","Agree","Agree","Agree","Agree","Agree","Agree","Agree","Agree","Agree","Agree"
2018,"Delhi","Secondary",1001248,"Disagree","Strongly Disagree","Strongly Disagree","Strongly Disagree","Agree","Disagree","Agree","Agree","Disagree","Strongly Agree","Agree","Strongly Agree","Disagree","Agree","Strongly Agree","Strongly Agree","Agree","Disagree","Disagree","Disagree","Agree","Agree","Agree","Strongly Agree","Agree","Agree","Strongly Agree"
2017,"Delhi","Secondary",1001252,"Agree","Agree","Agree","Agree","na","Agree","Agree","Agree","Agree","Agree","Agree","Agree","na","Agree","Agree","Agree","Agree","Disagree","Agree","Agree","Strongly Agree","Agree","Agree","Strongly Agree","Agree","Agree","Agree"
2018,"Delhi","Secondary",1001253,"Agree","Agree","Agree","Agree","Agree","na","Agree","Strongly Agree","na","Agree","Strongly Agree","Agree","na","Disagree","Agree","Agree","Agree","Strongly Agree","Disagree","Agree","Agree","Agree","Strongly Agree","Agree","Agree","Agree","Agree"
2017,"Delhi","Secondary",1001254,"Agree","Strongly Agree","Agree","Strongly Agree","Agree","Agree","Agree","Agree","Agree","Agree","Agree","Strongly Agree","Agree","Agree","Agree","Agree","Agree","Agree","Agree","Agree","Strongly Agree","Strongly Agree","Strongly Agree","Agree","Agree","Strongly Agree","Strongly Agree"
2017,"Delhi","Secondary",1001255,"Agree","Agree","Agree","Agree","Disagree","na","Agree","Disagree","na","Agree","Agree","Agree","na","Disagree","Strongly Agree","Agree","Agree","Disagree","Agree","Agree","Agree","Agree","Agree","Agree","Agree","Agree","Agree"
2017,"Delhi","Secondary",1001264,"Agree","Disagree","Agree","Agree","Disagree","Disagree","Disagree","Agree","Strongly Disagree","Disagree","Disagree","Disagree","Strongly Disagree","Agree","Strongly Disagree","Agree","Disagree","Agree","Disagree","Disagree","Agree","Agree","Agree","Disagree","Strongly Agree","Agree","Agree"
2018,"Delhi","Elementary",1001267,"Disagree","Disagree","Agree","Agree","Agree","na","Agree","Strongly Agree","na","Strongly Agree","Agree","Strongly Agree","Agree","Disagree","Agree","Agree","Agree","Disagree","Agree","Agree","Agree","Agree","Agree","Agree","Strongly Agree","Strongly Agree","Agree"
2017,"Delhi","Secondary",1001268,"Agree","Strongly Agree","Strongly Agree","Strongly Agree","Strongly Disagree","Agree","Agree","Strongly Disagree","Strongly Disagree","Agree","Strongly Agree","Strongly Agree","Strongly Disagree","Agree","Strongly Agree","Agree","Strongly Disagree","Disagree","Disagree","Agree","Agree","Agree","Agree","Strongly Agree","Strongly Agree","Strongly Agree","Agree"
2017,"Delhi","Secondary",1001270,"Agree","Agree","Disagree","Agree","Strongly Agree","Agree","Agree","Agree","Agree","Agree","Agree","Agree","Agree","Agree","Agree","Agree","Agree","Agree","Agree","Agree","Agree","Agree","Agree","Agree","Agree","Agree","Agree"
2018,"Delhi","Elementary",1001276,"Agree","Strongly Agree","Disagree","Disagree","Agree","Disagree","Agree","Agree","Disagree","Strongly Agree","Agree","Strongly Agree","Disagree","Agree","Disagree","Strongly Agree","Agree","Agree","Agree","Strongly Agree","Strongly Agree","Agree","Strongly Agree","Strongly Agree","Strongly Agree","Strongly Agree","Strongly Agree"
2017,"Delhi","Secondary",1001277,"Agree","Strongly Disagree","Strongly Disagree","Strongly Disagree","Agree","Agree","Disagree","Disagree","Agree","Agree","Agree","Agree","Agree","Disagree","Agree","Agree","Disagree","Agree","Agree","Disagree","Agree","Agree","Agree","Agree","Agree","Agree","Agree"
2017,"Delhi","Secondary",1001278,"Strongly Agree","Strongly Agree","Strongly Agree","Strongly Agree","Disagree","Agree","Agree","Agree","Strongly Agree","Strongly Agree","Agree","Agree","Agree","Agree","Strongly Agree","Disagree","Agree","Agree","Agree","Agree","Strongly Agree","Agree","Agree","Agree","Strongly Agree","Strongly Agree","Agree"
2018,"Delhi","Secondary",1001279,"Agree","Strongly Agree","Strongly Agree","Strongly Agree","Agree","Agree","Agree","Agree","Disagree","Agree","Agree","Agree","Agree","Agree","Agree","Agree","Agree","Agree","Agree","Agree","Agree","Agree","Agree","Agree","Agree","Agree","Agree"
2017,"Delhi","Elementary",1001283,"Strongly Agree","Agree","Disagree","Agree","Agree","Agree","Agree","Agree","Agree","Agree","Strongly Agree","Strongly Agree","Disagree","Strongly Agree","Strongly Agree","Agree","Disagree","Agree","Disagree","Agree","Strongly Disagree","Strongly Agree","Strongly Agree","Strongly Agree","Strongly Agree","Strongly Agree","Agree"
2018,"Delhi","Secondary",1001284,"Agree","Agree","Agree","Agree","Agree","Agree","Disagree","Agree","Agree","Agree","Agree","Agree","Disagree","Agree","Disagree","Agree","Disagree","Agree","Agree","Agree","Agree","Agree","Agree","Agree","Agree","Agree","Agree"
2018,"Delhi","Elementary",1001290,"Agree","Agree","Agree","Agree","Disagree","Agree","Agree","Disagree","na","Agree","Agree","Strongly Agree","na","Agree","Agree","Agree","Agree","Agree","Disagree","Agree","Agree","Agree","Agree","Agree","Agree","Agree","Agree"
2018,"Delhi","Secondary",1001296,"Disagree","Agree","Disagree","Agree","Disagree","Disagree","Agree","Disagree","Disagree","Strongly Agree","Agree","Strongly Agree","Disagree","Strongly Disagree","Agree","Agree","Disagree","Agree","Agree","Agree","Agree","Agree","Strongly Agree","Agree","Strongly Agree","Strongly Agree","Agree"
2018,"Delhi","Secondary",1001297,"Agree","Agree","Agree","Agree","Strongly Agree","Disagree","Agree","Agree","Disagree","Agree","Strongly Agree","Strongly Agree","Agree","Strongly Agree","Strongly Agree","Strongly Agree","Strongly Agree","Agree","Strongly Agree","Agree","Strongly Agree","Strongly Agree","Strongly Agree","Strongly Agree","Strongly Agree","Strongly Agree","Strongly Agree"
2017,"Delhi","Secondary",1001298,"Disagree","Agree","Agree","Agree","Agree","na","Agree","Agree","Strongly Agree","Agree","Agree","Disagree","Disagree","Disagree","Strongly Agree","Disagree","Agree","Agree","Disagree","Strongly Disagree","Disagree","Agree","Agree","Agree","Strongly Agree","Strongly Agree","Agree"
2017,"Delhi","Secondary",1001302,"Strongly Agree","Strongly Agree","Strongly Agree","Strongly Agree","Strongly Agree","Agree","Agree","Agree","Agree","Strongly Agree","Agree","Strongly Agree","Strongly Agree","Agree","Strongly Agree","Agree","Strongly Agree","Strongly Agree","Agree","Strongly Agree","Agree","Agree","Agree","Agree","Agree","Strongly Agree","Strongly Agree"
2018,"Delhi","Secondary",1001303,"Strongly Agree","Agree","Agree","Strongly Agree","Agree","Agree","Agree","Agree","na","Strongly Agree","Strongly Agree","Strongly Agree","na","Disagree","Agree","Agree","Disagree","Agree","Agree","Agree","Agree","Agree","Agree","Strongly Agree","Agree","Agree","Agree"
2017,"Delhi","Secondary",1001309,"Agree","Agree","Strongly Agree","Strongly Agree","Agree","Strongly Agree","Agree","Disagree","Strongly Agree","Agree","Strongly Agree","Agree","Disagree","Strongly Agree","Strongly Agree","Strongly Agree","Strongly Agree","Strongly Agree","Agree","Strongly Agree","Agree","Agree","Strongly Agree","Strongly Agree","Strongly Agree","Strongly Agree","Agree"
2018,"Delhi","Secondary",1001310,"Agree","Agree","Agree","Strongly Agree","Agree","Agree","Agree","Agree","na","Agree","Agree","Agree","Agree","Agree","Agree","Agree","Agree","Agree","Strongly Agree","Agree","Strongly Agree","Agree","Agree","Agree","Agree","Agree","Agree"
2017,"Delhi","Secondary",1001312,"Agree","Agree","Agree","Disagree","Agree","Agree","Agree","Disagree","Agree","Agree","Agree","Agree","Agree","Disagree","Agree","Agree","Agree","Agree","Agree","Agree","Agree","Agree","Agree","Agree","Agree","Agree","Agree"
2018,"Delhi","Secondary",1001316,"Agree","Strongly Agree","Strongly Agree","Strongly Agree","Disagree","Disagree","Agree","Agree","na","Agree","Agree","Agree","na","Agree","Agree","Agree","Agree","Agree","Agree","Agree","Agree","Agree","Agree","Agree","Agree","Disagree","Agree"
2017,"Delhi","Secondary",1001323,"Agree","Disagree","Agree","Agree","Agree","Agree","Disagree","Strongly Disagree","Agree","Disagree","Agree","Agree","Disagree","Agree","Strongly Agree","Agree","Agree","Disagree","Agree","Strongly Disagree","Agree","Agree","Agree","Strongly Agree","Agree","Agree","Agree"
2017,"Delhi","Secondary",1001324,"Agree","Agree","Disagree","Agree","Agree","Agree","Disagree","Disagree","Disagree","Agree","Agree","Strongly Agree","na","Disagree","Agree","Agree","Agree","Agree","Agree","Strongly Disagree","Disagree","Disagree","Agree","Agree","Strongly Agree","Agree","Agree"
2018,"Delhi","Secondary",1001325,"Agree","Agree","Disagree","Agree","Strongly Disagree","Agree","Agree","Agree","na","Agree","Agree","Agree","na","Agree","Strongly Agree","Agree","Agree","Agree","Agree","Agree","Strongly Agree","Agree","Agree","Agree","Agree","Agree","Agree"
2017,"Delhi","Secondary",1001329,"Agree","Agree","Agree","Agree","Agree","Agree","Strongly Disagree","Disagree","Agree","Agree","Disagree","Agree","Disagree","Strongly Disagree","Agree","Disagree","Disagree","Disagree","Disagree","Disagree","Strongly Disagree","Agree","Agree","Agree","Agree","Agree","Agree"
2017,"Delhi","Secondary",1001331,"Strongly Agree","Strongly Agree","Strongly Agree","Strongly Agree","Strongly Agree","Strongly Agree","Agree","Agree","Strongly Agree","Agree","Strongly Disagree","Strongly Agree","na","Agree","Agree","Strongly Agree","Strongly Agree","Agree","Agree","Agree","Strongly Agree","Agree","Strongly Agree","Strongly Agree","Strongly Agree","Strongly Agree","Strongly Agree"
2018,"Delhi","Elementary",1001333,"Strongly Disagree","Disagree","Strongly Disagree","Strongly Disagree","Strongly Agree","Disagree","Agree","Disagree","Disagree","Strongly Agree","Agree","Agree","na","Agree","Strongly Disagree","Strongly Agree","Agree","Disagree","Agree","Agree","Agree","Agree","Agree","Agree","Agree","Disagree","Agree"
2017,"Delhi","Secondary",1001334,"Agree","Disagree","Disagree","Disagree","Disagree","Agree","Agree","Agree","Agree","Strongly Agree","Strongly Agree","Agree","Disagree","Disagree","Strongly Agree","Agree","Agree","Agree","Disagree","Agree","Agree","Disagree","Disagree","Agree","Strongly Agree","Agree","Agree"
2017,"Delhi","Secondary",1001335,"Agree","Agree","Agree","Disagree","Disagree","Agree","Disagree","Agree","na","Agree","Agree","Agree","Disagree","Agree","Agree","Disagree","Agree","Agree","Agree","Disagree","Agree","Disagree","Agree","Agree","Agree","Agree","Agree"
2018,"Delhi","Secondary",1001337,"Strongly Agree","Strongly Agree","Strongly Agree","Strongly Agree","Disagree","na","Strongly Agree","Agree","na","Strongly Agree","Strongly Agree","Strongly Agree","na","Agree","Strongly Agree","Strongly Agree","Agree","Agree","Agree","Disagree","Strongly Agree","Strongly Agree","Strongly Agree","Strongly Agree","Strongly Agree","Strongly Agree","Strongly Agree"
2018,"Delhi","Secondary",1001352,"Agree","Strongly Agree","Agree","Strongly Agree","Disagree","na","Agree","Agree","na","Agree","Agree","Disagree","na","Agree","Agree","Agree","Agree","Strongly Agree","Agree","Agree","Strongly Agree","Strongly Agree","Agree","Agree","Agree","Agree","Agree"
2017,"Delhi","Secondary",1001357,"Agree","Agree","Agree","Agree","Agree","na","Agree","Disagree","na","Agree","Agree","Agree","na","Agree","Agree","Agree","Agree","Agree","Agree","Agree","Agree","Agree","Agree","Agree","Agree","Strongly Agree","Agree"
2017,"Delhi","Secondary",1001358,"Strongly Agree","Agree","Agree","Agree","Disagree","Agree","Agree","Agree","Agree","Strongly Agree","Strongly Agree","Strongly Agree","na","Agree","Strongly Agree","Agree","Agree","Agree","Agree","Strongly Agree","Strongly Agree","Strongly Agree","Strongly Agree","Strongly Agree","Strongly Agree","Strongly Agree","Strongly Agree"
2017,"Delhi","Secondary",1001359,"Disagree","Agree","Agree","Disagree","Strongly Disagree","Agree","Agree","Disagree","Disagree","Agree","Disagree","Disagree","na","Agree","Agree","Agree","Agree","Agree","Strongly Disagree","Agree","Agree","Agree","Disagree","Agree","Strongly Agree","Agree","Agree"
2017,"Delhi","Secondary",1001360,"Agree","Agree","Agree","Agree","Agree","Agree","Agree","Disagree","Agree","Disagree","Agree","Agree","Agree","Disagree","Strongly Agree","Agree","Agree","Agree","Agree","Disagree","Disagree","Disagree","Agree","Agree","Agree","Strongly Agree","Agree"
2018,"Delhi","Secondary",1001361,"Agree","Agree","Strongly Agree","Strongly Agree","Strongly Disagree","na","Strongly Agree","Agree","na","Agree","Strongly Agree","Strongly Agree","na","Agree","Strongly Agree","Strongly Agree","Strongly Agree","Strongly Agree","Strongly Agree","Agree","Agree","Agree","Strongly Agree","Strongly Agree","Strongly Agree","Strongly Agree","Strongly Agree"
2017,"Delhi","Secondary",1001364,"Disagree","Disagree","Disagree","Disagree","Disagree","Agree","Agree","Disagree","Agree","Agree","Agree","Strongly Agree","Disagree","Agree","Agree","Agree","Agree","Agree","Agree","Disagree","Agree","Disagree","Agree","Agree","Agree","Agree","Agree"
2017,"Delhi","Secondary",1001371,"Agree","Agree","Agree","Agree","Agree","Agree","Disagree","Disagree","Disagree","Agree","Agree","Agree","na","Disagree","Agree","Agree","Agree","Agree","Agree","Agree","Agree","Agree","Agree","Agree","Agree","Agree","Agree"
2018,"Delhi","Elementary",1001377,"Disagree","Disagree","Disagree","Disagree","Agree","Agree","Disagree","Strongly Disagree","Disagree","Agree","Agree","Agree","Disagree","Disagree","Agree","Strongly Disagree","Agree","Agree","Agree","Agree","Strongly Agree","Strongly Agree","Disagree","Agree","Agree","Agree","Strongly Disagree"
2018,"Delhi","Secondary",1001383,"Strongly Agree","Strongly Agree","Agree","Agree","Strongly Agree","na","Strongly Agree","Agree","na","Strongly Agree","Strongly Agree","Strongly Agree","Agree","Agree","Agree","Agree","Agree","Strongly Agree","Agree","Strongly Agree","Strongly Agree","Strongly Agree","Strongly Agree","Strongly Agree","Agree","Strongly Agree","Strongly Agree"
2018,"Delhi","Elementary",1001384,"Agree","Agree","Strongly Agree","Strongly Agree","Agree","Agree","Agree","Agree","Agree","Agree","Agree","Agree","Agree","Agree","Strongly Agree","Agree","Agree","Agree","Agree","Disagree","Disagree","Disagree","Agree","Agree","Agree","Agree","Agree"
2018,"Delhi","Secondary",1001387,"Agree","Strongly Agree","Agree","Agree","Agree","Agree","Agree","Agree","na","Strongly Agree","Agree","Agree","na","Agree","Strongly Agree","Disagree","Agree","Strongly Agree","Agree","Disagree","Agree","Disagree","Agree","Agree","Agree","Strongly Agree","Strongly Agree"
2018,"Delhi","Secondary",1001388,"Strongly Agree","Strongly Agree","Strongly Agree","Strongly Agree","Strongly Agree","Agree","Agree","Agree","na","Agree","Agree","Agree","na","Agree","Strongly Agree","Agree","Agree","Agree","Agree","Agree","Strongly Agree","Agree","Agree","Agree","Agree","Strongly Agree","Agree"
2018,"Delhi","Secondary",1001389,"Agree","Agree","Agree","Agree","Agree","Agree","Agree","Agree","Agree","Agree","Agree","Agree","Agree","Agree","Agree","Agree","Agree","Agree","Agree","Disagree","Agree","Agree","Agree","Agree","Agree","Agree","Agree"
2017,"Delhi","Secondary",1001390,"Agree","Agree","Agree","Agree","Agree","Agree","Agree","Agree","Disagree","Agree","Agree","Agree","Agree","Agree","Strongly Agree","Agree","Agree","Agree","Agree","Agree","Agree","Agree","Agree","Agree","Agree","Strongly Agree","Agree"
2017,"Delhi","Secondary",1001391,"Agree","Strongly Agree","Strongly Agree","Agree","Disagree","Agree","Agree","Agree","Agree","Strongly Agree","Strongly Agree","Strongly Agree","Strongly Agree","Agree","Agree","Agree","Agree","Agree","Agree","Disagree","Agree","Agree","Disagree","Strongly Agree","Agree","Agree","Agree"
2018,"Delhi","Secondary",1001392,"Agree","Strongly Agree","Strongly Agree","Strongly Agree","Agree","Agree","Strongly Agree","Agree","na","Strongly Agree","Agree","Agree","Agree","Agree","Strongly Agree","Disagree","Agree","Agree","Agree","Agree","Agree","Agree","Agree","Agree","Strongly Agree","Agree","Agree"
2018,"Delhi","Secondary",1001393,"Agree","Agree","Disagree","Disagree","Strongly Agree","Agree","Agree","Agree","Strongly Agree","Agree","Strongly Agree","Strongly Agree","Disagree","Disagree","Agree","Strongly Agree","Strongly Agree","Agree","Agree","Disagree","Agree","Agree","Agree","Agree","Strongly Agree","Strongly Agree","Agree"
2017,"Delhi","Elementary",1001394,"Disagree","Agree","Strongly Disagree","Strongly Agree","Agree","Strongly Agree","Agree","Agree","Agree","Strongly Agree","Strongly Agree","Strongly Agree","Disagree","Agree","Strongly Agree","Disagree","Disagree","Agree","Agree","Strongly Agree","Strongly Agree","Strongly Agree","Strongly Agree","Strongly Agree","Strongly Agree","Agree","Agree"
2018,"Delhi","Elementary",1001397,"Strongly Agree","Agree","Agree","Disagree","Disagree","Agree","Disagree","Agree","Agree","Agree","Agree","Agree","na","Disagree","Strongly Agree","Agree","Agree","Agree","Agree","Agree","Agree","Agree","Agree","Agree","Disagree","Agree","Agree"
2018,"Delhi","Elementary",1001403,"Strongly Agree","Strongly Agree","Disagree","Agree","Strongly Disagree","Strongly Disagree","Strongly Agree","Strongly Agree","Disagree","Agree","Agree","Agree","Disagree","Strongly Agree","Strongly Agree","Agree","Agree","Strongly Agree","Agree","Agree","Strongly Agree","Strongly Agree","Agree","Agree","Strongly Agree","Agree","Agree"
2018,"Delhi","Elementary",1001406,"Disagree","Agree","Disagree","Agree","Disagree","Disagree","Disagree","Disagree","Agree","Agree","Disagree","Agree","Strongly Disagree","Disagree","Disagree","Strongly Disagree","Disagree","Strongly Disagree","Strongly Disagree","Disagree","Strongly Agree","Agree","Agree","Agree","Agree","Strongly Agree","Strongly Agree"
2017,"Delhi","Secondary",1001408,"Agree","Disagree","Disagree","Agree","Agree","Agree","Strongly Agree","Agree","Disagree","Strongly Agree","Strongly Agree","Strongly Agree","Agree","Agree","Strongly Agree","Agree","Agree","Agree","Agree","Agree","Agree","Agree","Agree","Agree","Agree","Strongly Agree","Agree"
2017,"Delhi","Secondary",1001410,"Agree","Agree","Agree","Agree","Agree","Agree","Agree","Agree","Disagree","Agree","Strongly Agree","Strongly Agree","na","Agree","Strongly Agree","Agree","Agree","Agree","Agree","Agree","Strongly Agree","Agree","Strongly Agree","Strongly Agree","Agree","Strongly Agree","Agree"
2018,"Delhi","Secondary",1001413,"Agree","Agree","Disagree","Agree","Disagree","Agree","Agree","Disagree","na","Agree","Disagree","Disagree","Agree","Disagree","Agree","Agree","Agree","Agree","Agree","Agree","Agree","Agree","Disagree","Disagree","Strongly Agree","Strongly Agree","Disagree"
2017,"Delhi","Secondary",1001417,"Agree","Strongly Agree","Agree","Agree","Agree","Agree","Disagree","Disagree","Agree","Agree","Strongly Agree","Strongly Agree","Agree","Agree","Agree","Agree","Agree","Disagree","Agree","Agree","Disagree","Disagree","Agree","Agree","Agree","Agree","Agree"
2017,"Delhi","Secondary",1001420,"Agree","Strongly Agree","Strongly Agree","Agree","Agree","Agree","Agree","Agree","Agree","Agree","Agree","Agree","Agree","Agree","Strongly Agree","Agree","Agree","Agree","Agree","Agree","Agree","Strongly Agree","Strongly Agree","Agree","Agree","Agree","Agree"
2017,"Delhi","Secondary",1001421,"Agree","Agree","Agree","Agree","Disagree","Disagree","Agree","Disagree","Disagree","Agree","Disagree","Agree","na","Agree","Disagree","Disagree","Disagree","Disagree","Disagree","Disagree","Strongly Agree","Strongly Agree","Agree","Strongly Agree","Agree","Strongly Agree","Disagree"
2018,"Delhi","Secondary",1001422,"Strongly Agree","Strongly Agree","Agree","Strongly Agree","Agree","Agree","Agree","Agree","na","Agree","Strongly Agree","Strongly Agree","Agree","Agree","Strongly Agree","Agree","Agree","Agree","Strongly Agree","Strongly Agree","Strongly Agree","Strongly Agree","Agree","Agree","Agree","Strongly Agree","Agree"
2018,"Delhi","Secondary",1001438,"Agree","Agree","Agree","Agree","Agree","Agree","Agree","Strongly Agree","Agree","Agree","Strongly Agree","Agree","Agree","Agree","Strongly Agree","Strongly Agree","Agree","Agree","Agree","Agree","Agree","Agree","Agree","Agree","Agree","Agree","Agree"
2017,"Delhi","Secondary",1001439,"Strongly Agree","Strongly Agree","Strongly Agree","Strongly Agree","Agree","Strongly Agree","Strongly Agree","Strongly Agree","Agree","Agree","Agree","Strongly Agree","Agree","Agree","Strongly Agree","Strongly Agree","Strongly Agree","Agree","Agree","Strongly Agree","Strongly Agree","Strongly Agree","Strongly Agree","Strongly Agree","Agree","Strongly Agree","Agree"
2017,"Delhi","Secondary",1001440,"Agree","Agree","Agree","Agree","Disagree","Disagree","Disagree","Agree","Agree","Agree","Agree","Disagree","Disagree","Agree","Disagree","Disagree","Disagree","Agree","Agree","Strongly Disagree","Agree","Agree","Disagree","Disagree","Agree","Agree","Agree"
2018,"Delhi","Secondary",1001449,"Disagree","Agree","Agree","Agree","Agree","Disagree","Disagree","Agree","na","Agree","Agree","Agree","na","Agree","Agree","Agree","Disagree","Agree","Agree","Strongly Disagree","Agree","Agree","Agree","Agree","Agree","Strongly Agree","Agree"
2018,"Delhi","Secondary",1001450,"Agree","Agree","Disagree","Agree","Disagree","Disagree","Agree","Agree","Disagree","Agree","Agree","Agree","na","Disagree","Agree","Strongly Agree","Agree","Agree","Agree","Agree","Agree","Agree","Agree","Agree","Agree","Agree","Agree"
2017,"Delhi","Secondary",1001451,"Agree","Strongly Agree","Agree","Agree","Strongly Agree","Strongly Agree","Agree","Agree","Agree","Strongly Agree","Strongly Agree","Strongly Agree","na","Strongly Agree","Strongly Agree","Agree","Agree","Strongly Agree","Agree","Agree","Strongly Agree","Agree","Strongly Agree","Agree","Strongly Agree","Strongly Agree","Agree"
2018,"Delhi","Secondary",1001453,"Agree","Agree","Agree","Agree","Agree","Disagree","Agree","Disagree","Disagree","Agree","Agree","Agree","Disagree","Agree","Disagree","Agree","Agree","Agree","Agree","Agree","Agree","Agree","Agree","Agree","Agree","Agree","Disagree"
2017,"Delhi","Secondary",1001456,"Strongly Agree","Strongly Agree","Strongly Agree","Strongly Agree","Strongly Agree","Strongly Agree","Strongly Agree","Strongly Agree","Strongly Agree","Strongly Agree","Agree","Strongly Agree","Strongly Agree","Agree","Strongly Agree","Strongly Agree","Strongly Agree","Strongly Agree","Strongly Agree","Strongly Agree","Strongly Agree","Strongly Agree","Strongly Agree","Strongly Agree","Strongly Agree","Strongly Agree","Strongly Agree"
2018,"Delhi","Secondary",1001457,"Agree","Agree","Agree","Agree","Agree","Agree","Agree","Agree","na","Agree","Agree","Strongly Agree","na","Agree","Strongly Agree","Agree","Agree","Agree","Agree","Agree","Agree","Disagree","Disagree","Agree","Agree","Strongly Agree","Disagree"
2017,"Delhi","Secondary",1001458,"Disagree","Agree","Disagree","Disagree","Agree","Disagree","Disagree","Agree","Agree","Agree","Agree","Agree","Disagree","Disagree","Agree","Agree","Strongly Disagree","Disagree","Agree","Disagree","Agree","Agree","Agree","Agree","Agree","Strongly Agree","Agree"
2018,"Delhi","Elementary",1001462,"Strongly Agree","Agree","Disagree","Disagree","Agree","Disagree","Strongly Agree","Strongly Agree","na","Agree","Strongly Agree","Agree","Disagree","Agree","Strongly Agree","Agree","Agree","Strongly Agree","Agree","Agree","Agree","Agree","Agree","Agree","Agree","Agree","Agree"
2018,"Delhi","Elementary",1001469,"Strongly Agree","Strongly Agree","Agree","Strongly Agree","Disagree","Agree","Agree","Agree","na","Agree","Agree","Agree","Agree","Agree","Agree","Agree","Agree","Agree","Agree","Agree","Agree","Disagree","Agree","Agree","Agree","Agree","Agree"
2018,"Delhi","Secondary",1001474,"Strongly Agree","Strongly Agree","Strongly Agree","Strongly Agree","Strongly Agree","Strongly Agree","Strongly Agree","Strongly Agree","Agree","Strongly Agree","Agree","Agree","Agree","Strongly Agree","Strongly Agree","Strongly Agree","Strongly Agree","Agree","Agree","Strongly Agree","Strongly Agree","Strongly Agree","Strongly Agree","Strongly Agree","Strongly Agree","Strongly Agree","Strongly Agree"
2018,"Delhi","Elementary",1001475,"Agree","Strongly Disagree","Disagree","Disagree","Strongly Disagree","na","Disagree","Agree","na","Agree","Agree","Agree","na","Agree","Disagree","Agree","Agree","Agree","Disagree","Disagree","Disagree","Disagree","Disagree","Agree","Agree","Disagree","Agree"
2018,"Delhi","Secondary",1001476,"Strongly Agree","Agree","Agree","Agree","Strongly Agree","Disagree","Strongly Agree","Strongly Agree","na","Strongly Agree","Strongly Agree","Strongly Agree","na","Disagree","Strongly Agree","Strongly Agree","Agree","Agree","Agree","Agree","Strongly Agree","Strongly Agree","Agree","Agree","Agree","Agree","Agree"
2018,"Delhi","Secondary",1001488,"Agree","Agree","Strongly Disagree","Disagree","Agree","Strongly Disagree","Disagree","Disagree","Agree","Strongly Agree","Agree","Agree","na","Strongly Disagree","Agree","Agree","Disagree","Strongly Agree","Strongly Agree","Strongly Agree","Strongly Agree","Strongly Agree","Strongly Agree","Strongly Agree","Strongly Agree","Agree","Agree"
2018,"Delhi","Secondary",1001491,"Agree","Agree","Disagree","Agree","Agree","Strongly Agree","Agree","Agree","Disagree","Disagree","Strongly Agree","Disagree","na","Disagree","Agree","Strongly Agree","Agree","Disagree","Disagree","Strongly Agree","Strongly Agree","Disagree","Agree","Agree","Strongly Agree","Agree","Agree"
2018,"Delhi","Secondary",1001495,"Strongly Agree","Strongly Agree","Strongly Agree","Strongly Agree","Agree","na","Strongly Agree","Agree","na","Agree","Agree","Strongly Agree","Agree","Agree","Strongly Agree","Agree","Agree","Agree","Strongly Agree","Strongly Agree","Strongly Agree","Strongly Agree","Agree","Agree","Strongly Agree","Strongly Agree","Agree"
2017,"Delhi","Secondary",1001502,"Agree","Strongly Agree","Strongly Agree","Strongly Agree","Agree","Strongly Disagree","Strongly Disagree","Strongly Disagree","Strongly Disagree","Strongly Agree","Strongly Agree","Agree","Agree","Agree","Strongly Agree","Agree","Strongly Disagree","Disagree","Strongly Disagree","Strongly Agree","Strongly Disagree","Strongly Disagree","Agree","Agree","Agree","Agree","Agree"
2018,"Delhi","Elementary",1001503,"Agree","Strongly Agree","Agree","Agree","Agree","na","Agree","Strongly Agree","na","Agree","Strongly Agree","Strongly Agree","na","Agree","Agree","Strongly Agree","Strongly Agree","Agree","Agree","Disagree","Agree","Agree","Agree","Agree","Strongly Agree","Strongly Agree","Agree"
2017,"Delhi","Secondary",1001504,"Disagree","Agree","Strongly Agree","Agree","Strongly Disagree","Strongly Agree","Agree","Strongly Disagree","Agree","Agree","Strongly Agree","Strongly Agree","Disagree","Disagree","Strongly Agree","Strongly Agree","Agree","Disagree","Disagree","Strongly Disagree","Strongly Agree","Disagree","Strongly Agree","Strongly Agree","Strongly Agree","Strongly Agree","Strongly Agree"
2017,"Delhi","Secondary",1001505,"Agree","Strongly Agree","Strongly Agree","Strongly Agree","Agree","Strongly Agree","Strongly Agree","Strongly Agree","Agree","Strongly Agree","Agree","Agree","Agree","Agree","Strongly Agree","Agree","Strongly Agree","Agree","Agree","Agree","Strongly Agree","Agree","Agree","Agree","Agree","Strongly Agree","Agree"
2018,"Delhi","Secondary",1001506,"Strongly Agree","Strongly Agree","Strongly Agree","Strongly Agree","Agree","Strongly Agree","Strongly Agree","Strongly Agree","na","Strongly Agree","Strongly Agree","Strongly Agree","na","Strongly Agree","Strongly Agree","Strongly Agree","Strongly Agree","Strongly Agree","Strongly Agree","Agree","Strongly Agree","Strongly Agree","Strongly Agree","Strongly Agree","Strongly Agree","Strongly Agree","Agree"
2018,"Delhi","Elementary",1001507,"Disagree","Disagree","Disagree","Disagree","Agree","na","Strongly Disagree","Strongly Disagree","Disagree","Agree","Agree","Disagree","Strongly Disagree","Disagree","Disagree","Agree","Agree","Strongly Disagree","Disagree","Disagree","Disagree","Agree","Agree","Agree","Agree","Agree","Agree"
2018,"Delhi","Secondary",1001508,"Agree","Agree","Agree","Agree","Disagree","na","Agree","Agree","na","Agree","Agree","Agree","na","Agree","Agree","Disagree","Agree","Agree","Agree","Disagree","Agree","Agree","Agree","Agree","Agree","Agree","Agree"
2018,"Delhi","Elementary",1001521,"Agree","Agree","Agree","Agree","Agree","Agree","Agree","Agree","na","Agree","Strongly Agree","Strongly Agree","Agree","Agree","Strongly Agree","Agree","Strongly Agree","Strongly Agree","Agree","Agree","Strongly Agree","Strongly Agree","Strongly Agree","Strongly Agree","Agree","Strongly Agree","Agree"
2017,"Delhi","Secondary",1001528,"Disagree","Agree","Strongly Disagree","Agree","Strongly Agree","Disagree","Disagree","Agree","Disagree","Agree","Strongly Agree","Strongly Agree","Strongly Disagree","Strongly Disagree","Strongly Agree","Disagree","Agree","Strongly Disagree","Disagree","Strongly Disagree","Disagree","Agree","Strongly Agree","Strongly Agree","Strongly Agree","Strongly Agree","Disagree"
2018,"Delhi","Secondary",1001536,"Strongly Agree","Agree","Agree","Agree","Strongly Agree","na","Strongly Agree","Agree","na","Strongly Agree","Agree","Agree","na","Strongly Agree","Agree","Agree","Agree","Agree","Agree","Agree","Agree","Agree","Agree","Agree","Agree","Agree","Agree"
2018,"Delhi","Secondary",1001537,"Strongly Disagree","Disagree","Strongly Disagree","Strongly Disagree","Strongly Disagree","Strongly Disagree","Strongly Disagree","Disagree","Disagree","Agree","Strongly Agree","Strongly Agree","Strongly Agree","Agree","Agree","Disagree","Strongly Disagree","Strongly Disagree","Strongly Disagree","Agree","Agree","Agree","Agree","Agree","Agree","Agree","Agree"
2017,"Delhi","Secondary",1001539,"Disagree","Agree","Agree","Disagree","Agree","Agree","Disagree","Agree","Disagree","Agree","Agree","Agree","Disagree","Agree","Strongly Agree","Agree","Disagree","Agree","Disagree","Disagree","Agree","Agree","Disagree","Disagree","Agree","Disagree","Disagree"
2017,"Delhi","Secondary",1001540,"Agree","Agree","Strongly Disagree","Disagree","Disagree","Agree","Agree","Agree","Agree","Agree","Agree","Agree","na","Disagree","Agree","Agree","Disagree","Agree","Agree","Agree","Strongly Agree","Agree","Agree","Agree","Agree","Strongly Agree","Agree"
2017,"Delhi","Secondary",1001560,"Disagree","Agree","Agree","Agree","Agree","Agree","Agree","Disagree","Disagree","Strongly Agree","Agree","Agree","na","Strongly Agree","Strongly Agree","Strongly Agree","Agree","Agree","Agree","Disagree","Agree","Agree","Strongly Agree","Strongly Agree","Strongly Agree","Strongly Agree","Agree"
2016,"Delhi","Secondary",1001562,"Agree","Disagree","Agree","Disagree","Disagree","Disagree","Agree","Disagree","Strongly Disagree","Agree","Agree","Agree","Disagree","Strongly Disagree","Agree","Disagree","Disagree","Disagree","Disagree","Disagree","Disagree","Disagree","Agree","Agree","Agree","Agree","Disagree"
2017,"Delhi","Secondary",1001566,"Agree","Agree","Agree","Agree","Agree","Agree","Agree","Agree","Agree","Agree","Agree","Agree","Agree","Agree","Agree","Agree","Agree","Agree","Agree","Disagree","Agree","Agree","Agree","Agree","Agree","Agree","Agree"
2018,"Delhi","Elementary",1001570,"Agree","Disagree","Disagree","Disagree","Agree","Disagree","Agree","Agree","Agree","Agree","Agree","Strongly Agree","na","Agree","Strongly Agree","Agree","Strongly Disagree","Disagree","Agree","Disagree","Strongly Agree","Strongly Agree","Agree","Agree","Disagree","Agree","Agree"
2017,"Delhi","Secondary",1001579,"Agree","Agree","Agree","Agree","Agree","Agree","Agree","Agree","Agree","Strongly Agree","Strongly Agree","Agree","Agree","Agree","Agree","Strongly Agree","Agree","Agree","Agree","Agree","Strongly Disagree","Agree","Agree","Agree","Agree","Strongly Agree","Strongly Agree"
2018,"Delhi","Secondary",1001584,"Disagree","Agree","Agree","Agree","Strongly Disagree","Strongly Disagree","Strongly Disagree","Agree","Agree","Agree","Agree","Disagree","Disagree","Disagree","Agree","Agree","Strongly Disagree","Strongly Disagree","Strongly Disagree","Strongly Disagree","Agree","Agree","Agree","Disagree","Agree","Agree","Agree"
2018,"Delhi","Elementary",1001588,"Agree","Strongly Agree","Agree","Agree","Agree","na","Agree","Agree","na","Agree","Agree","Strongly Agree","Strongly Agree","Strongly Agree","Strongly Agree","Strongly Agree","Strongly Agree","Strongly Agree","Strongly Agree","Strongly Agree","Strongly Agree","Strongly Agree","Strongly Agree","Strongly Agree","Strongly Agree","Strongly Agree","Agree"
2018,"Delhi","Elementary",1001592,"Strongly Agree","Strongly Agree","Agree","Agree","Agree","Agree","Disagree","Disagree","Agree","Strongly Agree","Strongly Agree","Strongly Agree","Strongly Agree","Agree","Agree","Agree","Agree","Strongly Agree","Agree","Agree","Agree","Disagree","Strongly Agree","Strongly Agree","Strongly Agree","Strongly Agree","Strongly Agree"
2017,"Delhi","Secondary",1001609,"Agree","Agree","Agree","Agree","Strongly Agree","Agree","Agree","Agree","Agree","Agree","Agree","Agree","Agree","Agree","Agree","Agree","Disagree","Agree","Disagree","Agree","Agree","Agree","Agree","Strongly Agree","Agree","Strongly Agree","Agree"
2018,"Delhi","Secondary",1001610,"Agree","Agree","Agree","Agree","Agree","na","Agree","Agree","na","Agree","Agree","Agree","na","Agree","Disagree","Strongly Agree","Agree","Agree","Agree","Agree","Agree","Agree","Agree","Agree","Strongly Agree","Strongly Agree","Strongly Agree"
2017,"Delhi","Secondary",1001611,"Agree","Agree","Agree","Strongly Agree","Agree","Agree","Disagree","Agree","Disagree","Agree","Agree","Disagree","na","Agree","Agree","Agree","Agree","Agree","Disagree","Disagree","Agree","Disagree","Agree","Agree","Agree","Disagree","Agree"
2018,"Delhi","Elementary",1001613,"Strongly Disagree","Strongly Disagree","Strongly Disagree","Strongly Disagree","Disagree","Agree","Disagree","Disagree","na","Disagree","Agree","Disagree","na","Disagree","Agree","Agree","Strongly Disagree","Disagree","Strongly Disagree","Disagree","Agree","Agree","Disagree","Agree","Agree","Agree","Disagree"
2017,"Delhi","Secondary",1001616,"Agree","Agree","Agree","Agree","Strongly Disagree","Agree","Disagree","Disagree","Disagree","Disagree","Agree","Disagree","Disagree","Disagree","Agree","Disagree","Strongly Disagree","Disagree","Disagree","Strongly Disagree","Agree","Agree","Disagree","Disagree","Disagree","Agree","Disagree"
2017,"Delhi","Secondary",1001629,"Agree","Agree","Agree","Agree","Agree","Agree","Agree","Agree","Strongly Agree","Agree","Agree","Agree","Agree","Agree","Agree","Agree","Agree","Agree","Agree","Agree","Agree","Agree","Agree","Agree","Agree","Agree","Agree"
2018,"Delhi","Elementary",1001632,"Disagree","Disagree","Disagree","Agree","Disagree","Disagree","Disagree","Disagree","na","Agree","Agree","Agree","na","Agree","Agree","Disagree","Disagree","Disagree","Disagree","Disagree","Agree","Disagree","Agree","Agree","Agree","Agree","Agree"
2017,"Delhi","Secondary",1001635,"Agree","Strongly Agree","Strongly Agree","Strongly Agree","Disagree","Disagree","Agree","Disagree","Agree","Disagree","Strongly Disagree","Disagree","na","Strongly Disagree","Strongly Agree","Disagree","Agree","Disagree","Disagree","Agree","Strongly Agree","Strongly Disagree","Agree","Disagree","Strongly Agree","Strongly Disagree","Disagree"
2017,"Delhi","Secondary",1001641,"Agree","Agree","Disagree","Agree","Agree","Strongly Disagree","Disagree","Agree","Disagree","Agree","Agree","Agree","na","Strongly Disagree","Disagree","Agree","Strongly Disagree","Agree","Disagree","Agree","Strongly Disagree","Strongly Disagree","Agree","Agree","Strongly Agree","Strongly Disagree","Agree"
2018,"Delhi","Elementary",1001646,"Disagree","Disagree","Strongly Disagree","Strongly Disagree","Disagree","Disagree","Disagree","Strongly Disagree","Agree","Strongly Agree","Disagree","Agree","Strongly Disagree","Disagree","Strongly Agree","Strongly Disagree","Agree","Disagree","Disagree","Disagree","Strongly Disagree","Strongly Disagree","Strongly Disagree","Agree","Agree","Disagree","Disagree"
2017,"Delhi","Secondary",1001647,"Disagree","Agree","Agree","Agree","Strongly Disagree","Disagree","Agree","Agree","Agree","Disagree","Agree","Agree","Disagree","Disagree","Strongly Agree","Disagree","Agree","Disagree","Disagree","Agree","Agree","Disagree","Agree","Agree","Strongly Agree","Strongly Agree","Agree"
2018,"Delhi","Elementary",1001652,"Strongly Disagree","Agree","Disagree","Disagree","Disagree","na","Agree","Agree","na","Agree","Agree","Agree","na","Disagree","Strongly Agree","Agree","Agree","Agree","Agree","Agree","Agree","Agree","Agree","Agree","Agree","Agree","Agree"
2017,"Delhi","Secondary",1001653,"Strongly Agree","Strongly Agree","Strongly Agree","Strongly Agree","Agree","Strongly Agree","Strongly Agree","Strongly Agree","Agree","Strongly Agree","Agree","Strongly Agree","Agree","Strongly Agree","Strongly Agree","Strongly Agree","Strongly Agree","Strongly Agree","Agree","Strongly Agree","Strongly Agree","Strongly Agree","Strongly Agree","Strongly Agree","Strongly Agree","Strongly Agree","Strongly Agree"
2017,"Delhi","Secondary",1001655,"Disagree","Agree","Agree","Agree","Disagree","Disagree","Disagree","Disagree","Disagree","Disagree","Agree","Agree","Disagree","Agree","Disagree","Disagree","Agree","Agree","Disagree","Disagree","Agree","Agree","Disagree","Agree","Agree","Agree","Disagree"
2017,"Delhi","Secondary",1001656,"Agree","Agree","Strongly Agree","Agree","Disagree","Agree","Agree","Disagree","Disagree","Agree","Agree","Agree","Disagree","Agree","Agree","Disagree","Agree","Disagree","Disagree","Agree","Agree","Agree","Disagree","Agree","Agree","Agree","Disagree"
2017,"Delhi","Secondary",1001667,"Agree","Strongly Agree","Strongly Agree","Strongly Agree","Agree","Agree","Strongly Agree","Agree","Disagree","Agree","Agree","Agree","na","Agree","Agree","Agree","Agree","Agree","Agree","Disagree","Agree","Disagree","Agree","Agree","Agree","Agree","Agree"
2018,"Delhi","Secondary",1001670,"Agree","Strongly Agree","Agree","Agree","Agree","Disagree","Disagree","Disagree","na","Disagree","Agree","Agree","Agree","Agree","Agree","Agree","Disagree","Agree","Disagree","Agree","Agree","Disagree","Agree","Agree","Strongly Agree","Agree","Disagree"
2017,"Delhi","Elementary",1001671,"Strongly Agree","Strongly Agree","Agree","Agree","Agree","Disagree","Agree","Agree","na","Strongly Agree","Strongly Agree","Strongly Agree","Strongly Agree","Agree","Strongly Agree","Agree","Disagree","Agree","Agree","Agree","Strongly Agree","Agree","Strongly Agree","Strongly Agree","Strongly Agree","Strongly Agree","Strongly Agree"
2018,"Delhi","Elementary",1001674,"Strongly Agree","Strongly Agree","Agree","Agree","Agree","na","Strongly Agree","Agree","na","Agree","Strongly Agree","Strongly Agree","Agree","Strongly Agree","Agree","Strongly Agree","Agree","Agree","Agree","Agree","Agree","Agree","Strongly Agree","Strongly Agree","Strongly Agree","Strongly Agree","Strongly Agree"
2018,"Delhi","Secondary",1001675,"Agree","Agree","Agree","Agree","Disagree","Agree","Agree","Disagree","Agree","Agree","Disagree","Agree","Agree","Disagree","Agree","Agree","Agree","Agree","Agree","Agree","Agree","Agree","Agree","Agree","Strongly Agree","Agree","Disagree"
2018,"Delhi","Secondary",1001676,"Agree","Strongly Agree","Agree","Agree","Agree","Agree","Disagree","Disagree","Agree","Strongly Agree","Strongly Agree","Agree","Agree","Disagree","Agree","Agree","Disagree","Disagree","Disagree","Agree","Agree","Agree","Agree","Agree","Agree","Agree","Agree"
2018,"Delhi","Secondary",1001687,"Agree","Strongly Agree","Strongly Agree","Strongly Agree","Agree","na","Agree","Disagree","na","Strongly Agree","Agree","Disagree","na","Disagree","Strongly Agree","Strongly Agree","Agree","Strongly Agree","Strongly Agree","Agree","Agree","Disagree","Strongly Agree","Strongly Agree","Strongly Agree","Strongly Agree","Agree"
2018,"Delhi","Secondary",1001689,"Disagree","Disagree","Agree","Agree","na","na","Agree","Disagree","na","Strongly Agree","Agree","Strongly Agree","na","Agree","Agree","Agree","Disagree","Disagree","Agree","Strongly Agree","Agree","Agree","Agree","Agree","Strongly Agree","Strongly Agree","Agree"
2016,"Delhi","Secondary",1001692,"Strongly Agree","Agree","Agree","Agree","Agree","Strongly Disagree","Agree","Agree","Strongly Disagree","Agree","Agree","Agree","na","Disagree","Agree","Disagree","Agree","Disagree","Agree","Strongly Disagree","Agree","Agree","Agree","Agree","Strongly Agree","Strongly Agree","Agree"
2018,"Delhi","Secondary",1001696,"Agree","Agree","Agree","Agree","Disagree","na","Agree","Disagree","Disagree","Agree","Agree","Agree","Strongly Disagree","Agree","Disagree","Agree","Disagree","Disagree","Agree","Strongly Disagree","Strongly Agree","Agree","Agree","Strongly Agree","Strongly Agree","Strongly Agree","Agree"
2017,"Delhi","Secondary",1001700,"Agree","Agree","Agree","Strongly Agree","Strongly Agree","Agree","Strongly Agree","Strongly Agree","Agree","Strongly Agree","Strongly Agree","Strongly Agree","Agree","Agree","Strongly Agree","Strongly Agree","Agree","Agree","Agree","Strongly Agree","Strongly Agree","Agree","Strongly Agree","Strongly Agree","Strongly Agree","Strongly Agree","Strongly Agree"
2018,"Delhi","Secondary",1001706,"Strongly Agree","Strongly Agree","Strongly Agree","Strongly Agree","Agree","Agree","Strongly Agree","Agree","Strongly Agree","Strongly Agree","Strongly Agree","Agree","na","Strongly Agree","Strongly Agree","Strongly Agree","Strongly Agree","Strongly Agree","Strongly Agree","Strongly Agree","Strongly Agree","Strongly Agree","Strongly Agree","Strongly Agree","Strongly Agree","Strongly Agree","Strongly Agree"
2018,"Delhi","Elementary",1001707,"Agree","Agree","Agree","Agree","Agree","Agree","Agree","Agree","Agree","Agree","Strongly Agree","Strongly Agree","Agree","Agree","Agree","Agree","Agree","Agree","Agree","Agree","Agree","Agree","Agree","Strongly Agree","Strongly Agree","Strongly Agree","Agree"
2018,"Delhi","Secondary",1001715,"Agree","Agree","Disagree","Disagree","Agree","Disagree","Agree","Agree","na","Agree","Strongly Agree","Agree","na","Disagree","Strongly Agree","Agree","Agree","Agree","Agree","Agree","Agree","Disagree","Agree","Agree","Agree","Agree","Agree"
2018,"Delhi","Secondary",1001716,"Disagree","Agree","Agree","Agree","Disagree","na","Disagree","Disagree","na","Agree","Agree","Agree","Disagree","Agree","Agree","Disagree","Agree","Strongly Disagree","Disagree","Agree","Strongly Agree","Strongly Agree","Agree","Agree","Agree","Agree","Agree"
2017,"Delhi","Secondary",1001718,"Agree","Agree","Agree","Agree","Agree","Agree","Agree","Agree","Agree","Agree","Agree","Agree","Agree","Agree","Agree","Agree","Agree","Agree","Agree","Agree","Agree","Agree","Agree","Agree","Agree","Agree","Agree"
2018,"Delhi","Elementary",1001719,"Disagree","Disagree","Disagree","Disagree","Agree","Disagree","Agree","Disagree","na","Agree","Agree","Agree","Agree","Agree","Strongly Agree","Agree","Strongly Agree","Strongly Agree","Agree","Agree","Agree","Agree","Agree","Agree","Agree","Agree","Agree"
2018,"Delhi","Elementary",1001728,"Strongly Agree","Strongly Agree","Agree","Strongly Agree","Strongly Agree","Agree","Agree","Agree","na","Agree","Agree","Strongly Agree","na","Agree","Strongly Agree","Strongly Agree","Agree","Agree","Agree","Strongly Agree","Strongly Agree","Strongly Agree","Strongly Agree","Strongly Agree","Strongly Agree","Strongly Agree","Strongly Agree"
2018,"Delhi","Elementary",1001729,"Agree","Agree","Disagree","Agree","Agree","na","Disagree","Disagree","na","Agree","Agree","Agree","na","Agree","Agree","Agree","Agree","Agree","Agree","Agree","Agree","Agree","Agree","Agree","Agree","Disagree","Agree"
2017,"Delhi","Secondary",1001736,"Agree","Disagree","Disagree","Agree","Agree","Agree","Agree","Agree","Strongly Agree","Agree","Agree","Agree","Disagree","Agree","Agree","Agree","Disagree","Agree","Agree","Agree","Agree","Agree","Agree","Agree","Agree","Agree","Agree"
